"Step","env: TAXI - ep_info/Energy","env: TAXI - ep_info/Energy__MIN","env: TAXI - ep_info/Energy__MAX"
"1","-150.2","-152","-145"
"2","-144","-154","-127"
"3","-147.8","-151","-144"
"4","-121.8","-153","-13"
"5","-145.6","-154","-134"
"6","-141.8","-149","-130"
"7","-148.6","-154","-145"
"8","-145.6","-150","-144"
"9","-148.8","-153","-141"
"10","-151","-153","-149"
"11","-156.6","-167","-152"
"12","-158.4","-169","-153"
"13","-154.6","-163","-144"
"14","-152","-176","-142"
"15","-159.2","-164","-154"
"16","-154.2","-159","-150"
"17","-159","-177","-144"
"18","-160.4","-169","-155"
"19","-157.8","-180","-144"
"20","-153.4","-162","-148"
"21","-163.4","-174","-150"
"22","-141.4","-170","-59"
"23","-156.2","-173","-146"
"24","-155.8","-161","-149"
"25","-164.6","-176","-155"
"26","-159","-166","-152"
"27","-160.2","-172","-148"
"28","-161","-170","-152"
"29","-140","-165","-64"
"30","-142.6","-165","-88"
"31","-126.2","-164","-66"
"32","-154.6","-166","-144"
"33","-159.2","-166","-148"
"34","-163.6","-174","-149"
"35","-160.2","-176","-148"
"36","-166.6","-179","-160"
"37","-154","-163","-143"
"38","-160.6","-173","-145"
"39","-157.2","-174","-150"
"40","-161.8","-174","-149"
"41","-162.2","-173","-152"
"42","-159.6","-172","-147"
"43","-140.4","-176","-81"
"44","-159.6","-167","-146"
"45","-156.2","-161","-146"
"46","-164","-180","-150"
"47","-131.4","-168","-14"
"48","-163.2","-171","-155"
"49","-164.2","-168","-158"
"50","-131.8","-167","-31"
"51","-167.4","-181","-156"
"52","-153.2","-172","-124"
"53","-162.2","-167","-155"
"54","-171","-183","-161"
"55","-157.8","-162","-153"
"56","-169.2","-176","-157"
"57","-160.8","-167","-154"
"58","-162.4","-172","-154"
"59","-152.6","-179","-92"
"60","-160.4","-164","-153"
"61","-162.4","-170","-157"
"62","-170.6","-182","-160"
"63","-167.6","-174","-157"
"64","-150","-169","-89"
"65","-148.4","-172","-78"
"66","-169.8","-175","-160"
"67","-162","-168","-156"
"68","-155.2","-171","-129"
"69","-137.2","-160","-114"
"70","-161","-175","-152"
"71","-148.8","-184","-78"
"72","-167.6","-173","-162"
"73","-117","-161","-13"
"74","-145.4","-173","-48"
"75","-167.2","-176","-154"
"76","-167","-175","-157"
"77","-171.8","-187","-155"
"78","-131.4","-176","-16"
"79","-160.2","-170","-137"
"80","-147","-177","-67"
"81","-158.6","-190","-101"
"82","-152","-177","-100"
"83","-168.8","-174","-164"
"84","-165.4","-183","-152"
"85","-171.6","-182","-164"
"86","-171.4","-188","-162"
"87","-165.4","-178","-145"
"88","-169","-185","-150"
"89","-172.6","-185","-159"
"90","-174.2","-186","-158"
"91","-160.6","-178","-129"
"92","-146.2","-180","-44"
"93","-154.4","-180","-100"
"94","-174.8","-196","-159"
"95","-165","-171","-160"
"96","-164.8","-192","-152"
"97","-173.6","-182","-157"
"98","-142.8","-176","-25"
"99","-169.6","-179","-159"
"100","-171.2","-177","-163"
"101","-173.4","-180","-166"
"102","-173.2","-177","-168"
"103","-174.6","-191","-165"
"104","-161.6","-172","-131"
"105","-152.8","-182","-79"
"106","-170.2","-180","-159"
"107","-157.6","-182","-100"
"108","-180.6","-190","-173"
"109","-165","-180","-157"
"110","-154.6","-176","-88"
"111","-178","-191","-164"
"112","-149","-176","-49"
"113","-165","-175","-159"
"114","-164.2","-178","-154"
"115","-175","-188","-157"
"116","-167.6","-185","-157"
"117","-173","-184","-158"
"118","-164.2","-170","-160"
"119","-160.6","-190","-100"
"120","-159.2","-185","-116"
"121","-176.6","-184","-162"
"122","-168.2","-193","-131"
"123","-171","-192","-157"
"124","-179","-185","-171"
"125","-134.8","-172","-29"
"126","-147.8","-182","-52"
"127","-179.2","-191","-159"
"128","-166","-186","-127"
"129","-163.4","-178","-149"
"130","-168","-183","-148"
"131","-173.8","-186","-164"
"132","-169.6","-183","-160"
"133","-132.8","-181","-45"
"134","-179.6","-198","-169"
"135","-161.4","-184","-135"
"136","-173.8","-183","-166"
"137","-152.4","-182","-73"
"138","-159.2","-180","-123"
"139","-164.8","-179","-153"
"140","-167.6","-181","-138"
"141","-154.2","-186","-83"
"142","-177.4","-185","-162"
"143","-174.2","-181","-163"
"144","-176.6","-190","-160"
"145","-173.2","-188","-164"
"146","-139.6","-184","-71"
"147","-131.4","-178","-64"
"148","-169.8","-182","-165"
"149","-182.4","-187","-175"
"150","-151.4","-189","-63"
"151","-172.4","-181","-157"
"152","-178.4","-190","-169"
"153","-174.8","-186","-164"
"154","-176.4","-189","-161"
"155","-180","-195","-158"
"156","-155.2","-195","-56"
"157","-168","-182","-162"
"158","-180.6","-186","-173"
"159","-172.8","-178","-165"
"160","-168","-178","-163"
"161","-148.4","-188","-24"
"162","-178.2","-186","-165"
"163","-153.6","-179","-127"
"164","-163.4","-190","-95"
"165","-177","-195","-160"
"166","-153.6","-178","-71"
"167","-174.6","-190","-165"
"168","-147","-178","-52"
"169","-148","-189","-37"
"170","-178.8","-196","-168"
"171","-173","-187","-154"
"172","-174","-179","-167"
"173","-176","-193","-145"
"174","-166.6","-183","-143"
"175","-174.4","-185","-161"
"176","-173.8","-193","-162"
"177","-178","-185","-169"
"178","-147.4","-188","-48"
"179","-170","-191","-113"
"180","-179","-192","-156"
"181","-167.6","-188","-128"
"182","-154.8","-178","-86"
"183","-179.4","-191","-165"
"184","-175.2","-194","-143"
"185","-185.6","-197","-175"
"186","-173.8","-199","-154"
"187","-159","-189","-50"
"188","-179.6","-194","-156"
"189","-179","-194","-165"
"190","-174.4","-195","-159"
"191","-143.4","-174","-62"
"192","-168.4","-185","-148"
"193","-144.2","-195","-31"
"194","-183","-195","-173"
"195","-178.4","-187","-172"
"196","-151.6","-183","-65"
"197","-171.2","-179","-159"
"198","-156.6","-185","-95"
"199","-175","-187","-166"
"200","-176","-193","-138"
"201","-157.4","-198","-68"
"202","-167.4","-184","-142"
"203","-165.8","-196","-104"
"204","-162.8","-189","-126"
"205","-153.8","-182","-89"
"206","-152.6","-195","-39"
"207","-149.2","-193","-48"
"208","-183.2","-196","-170"
"209","-176","-186","-161"
"210","-161.2","-196","-72"
"211","-161","-196","-50"
"212","-173.8","-182","-157"
"213","-175","-188","-145"
"214","-183.4","-193","-174"
"215","-182.2","-190","-167"
"216","-127.6","-187","-48"
"217","-182","-196","-166"
"218","-180.2","-195","-174"
"219","-156.6","-195","-67"
"220","-178.4","-192","-157"
"221","-176.2","-193","-130"
"222","-159.8","-194","-53"
"223","-175","-195","-120"
"224","-184.4","-193","-176"
"225","-139.4","-196","-43"
"226","-160.4","-192","-98"
"227","-183.6","-188","-174"
"228","-183.6","-191","-173"
"229","-148.4","-189","-66"
"230","-179","-188","-161"
"231","-96.4","-196","-7"
"232","-176.4","-192","-145"
"233","-169.2","-173","-167"
"234","-162.6","-187","-108"
"235","-175.6","-195","-146"
"236","-153.4","-197","-39"
"237","-172.8","-192","-139"
"238","-147.8","-196","-19"
"239","-145.6","-185","-7"
"240","-163.8","-194","-57"
"241","-156.8","-197","-71"
"242","-152.2","-190","-96"
"243","-156","-195","-94"
"244","-178.8","-182","-172"
"245","-183.2","-196","-165"
"246","-177.4","-190","-144"
"247","-183.6","-198","-169"
"248","-154.4","-190","-52"
"249","-149.4","-194","-73"
"250","-178.6","-192","-170"
"251","-144.6","-197","-54"
"252","-180","-191","-161"
"253","-168.4","-199","-74"
"254","-185.2","-193","-175"
"255","-172.8","-195","-110"
"256","-185.2","-194","-175"
"257","-186.8","-197","-171"
"258","-181.4","-198","-130"
"259","-160.8","-184","-110"
"260","-177","-197","-158"
"261","-158.8","-195","-58"
"262","-181.8","-190","-170"
"263","-179.6","-192","-175"
"264","-170.4","-200","-115"
"265","-183.8","-196","-170"
"266","-187.8","-196","-180"
"267","-160.6","-198","-34"
"268","-186.4","-196","-171"
"269","-160.8","-197","-46"
"270","-124.4","-171","-53"
"271","-170.4","-187","-124"
"272","-179.8","-194","-163"
"273","-177.4","-190","-160"
"274","-188.4","-195","-176"
"275","-184.8","-199","-164"
"276","-158","-192","-48"
"277","-175.2","-199","-127"
"278","-141.8","-189","-102"
"279","-185.4","-197","-163"
"280","-190.4","-198","-173"
"281","-125.2","-182","-9"
"282","-188.2","-195","-181"
"283","-153.6","-195","-59"
"284","-177.6","-197","-133"
"285","-182.2","-194","-168"
"286","-187.8","-196","-179"
"287","-187.6","-196","-176"
"288","-175.8","-196","-158"
"289","-171.8","-186","-162"
"290","-175.6","-195","-133"
"291","-167","-199","-58"
"292","-152.2","-193","-24"
"293","-171.8","-195","-139"
"294","-183.6","-196","-168"
"295","-160.2","-196","-55"
"296","-153.8","-199","-87"
"297","-191.2","-198","-182"
"298","-186.6","-198","-178"
"299","-172.4","-196","-109"
"300","-187.6","-198","-166"
"301","-140.6","-198","-59"
"302","-187.4","-192","-178"
"303","-181","-192","-165"
"304","-188.8","-198","-169"
"305","-173","-199","-149"
"306","-173","-192","-157"
"307","-188","-197","-178"
"308","-172.6","-182","-157"
"309","-187.2","-200","-178"
"310","-176.8","-196","-154"
"311","-160.4","-182","-90"
"312","-180","-187","-164"
"313","-156","-197","-65"
"314","-170","-180","-158"
"315","-178.2","-197","-128"
"316","-180.6","-194","-162"
"317","-154","-192","-19"
"318","-148.6","-194","-9"
"319","-180.2","-187","-172"
"320","-184.2","-198","-173"
"321","-176.6","-188","-154"
"322","-154.2","-184","-60"
"323","-186","-197","-177"
"324","-193.6","-198","-187"
"325","-180.2","-194","-168"
"326","-187.6","-199","-165"
"327","-162.4","-197","-115"
"328","-153.4","-190","-50"
"329","-168.2","-195","-104"
"330","-160.2","-197","-72"
"331","-144.2","-193","-46"
"332","-179.6","-196","-147"
"333","-151.4","-194","-32"
"334","-187.2","-196","-171"
"335","-173","-195","-123"
"336","-177.6","-197","-130"
"337","-139.8","-193","-47"
"338","-183.8","-196","-167"
"339","-191.6","-200","-181"
"340","-181","-196","-146"
"341","-169.6","-196","-70"
"342","-163.8","-198","-77"
"343","-170.8","-199","-64"
"344","-183.8","-194","-157"
"345","-181.6","-199","-171"
"346","-147.6","-191","-36"
"347","-189.8","-196","-177"
"348","-151.8","-192","-41"
"349","-187.2","-197","-171"
"350","-165.6","-196","-87"
"351","-196.2","-199","-193"
"352","-183.4","-194","-167"
"353","-191.8","-199","-180"
"354","-161.6","-197","-56"
"355","-182","-189","-165"
"356","-149","-199","-31"
"357","-144.2","-194","-31"
"358","-193.4","-197","-190"
"359","-194.6","-196","-193"
"360","-92.8","-177","-23"
"361","-187.6","-193","-182"
"362","-163.2","-198","-60"
"363","-169","-197","-100"
"364","-184.2","-199","-134"
"365","-171.6","-194","-98"
"366","-192.6","-198","-184"
"367","-185.6","-198","-157"
"368","-185.2","-198","-169"
"369","-188","-190","-185"
"370","-185.8","-198","-173"
"371","-167.4","-198","-66"
"372","-149.4","-196","-92"
"373","-183.6","-196","-149"
"374","-185.2","-197","-170"
"375","-182.8","-194","-170"
"376","-190.2","-197","-184"
"377","-125.2","-198","-63"
"378","-184.4","-197","-178"
"379","-195.6","-199","-192"
"380","-164.4","-199","-81"
"381","-132.8","-196","-24"
"382","-145.8","-198","-21"
"383","-179.8","-199","-130"
"384","-152.2","-192","-82"
"385","-186.4","-197","-148"
"386","-180.2","-192","-149"
"387","-193.8","-200","-187"
"388","-182.8","-198","-133"
"389","-156.4","-193","-32"
"390","-159.2","-197","-110"
"391","-172.6","-199","-106"
"392","-166.4","-199","-86"
"393","-189","-198","-178"
"394","-128.2","-199","-20"
"395","-196","-198","-194"
"396","-185","-197","-145"
"397","-156.6","-196","-9"
"398","-190","-197","-178"
"399","-149.2","-197","-78"
"400","-177","-199","-136"
"401","-170.4","-199","-66"
"402","-175.2","-195","-147"
"403","-166.8","-199","-59"
"404","-175.2","-199","-125"
"405","-171.4","-192","-142"
"406","-165.2","-196","-78"
"407","-186","-200","-163"
"408","-193.4","-198","-183"
"409","-166","-197","-131"
"410","-189.8","-195","-180"
"411","-146","-198","-61"
"412","-136.2","-196","-43"
"413","-169.2","-199","-54"
"414","-173.6","-199","-75"
"415","-176.2","-196","-107"
"416","-132","-196","-21"
"417","-154.6","-198","-101"
"418","-189.6","-196","-175"
"419","-152","-196","-25"
"420","-180.6","-195","-156"
"421","-156.8","-199","-92"
"422","-120","-199","-9"
"423","-159.2","-199","-32"
"424","-160.6","-197","-51"
"425","-181.8","-194","-158"
"426","-147.2","-195","-72"
"427","-158.2","-199","-31"
"428","-175","-197","-116"
"429","-176.4","-198","-100"
"430","-178","-197","-112"
"431","-151.4","-197","-5"
"432","-163.6","-196","-44"
"433","-145.6","-198","-67"
"434","-149.6","-196","-83"
"435","-189","-198","-170"
"436","-154.6","-198","-87"
"437","-138.8","-199","-12"
"438","-196.4","-198","-195"
"439","-183","-199","-130"
"440","-189","-198","-158"
"441","-160.6","-200","-27"
"442","-197","-200","-194"
"443","-130.8","-199","-30"
"444","-130.4","-199","-8"
"445","-160","-199","-9"
"446","-155.6","-196","-84"
"447","-189.6","-197","-165"
"448","-167.4","-198","-69"
"449","-140.6","-196","-83"
"450","-177.8","-199","-105"
"451","-134.6","-196","-46"
"452","-170.6","-198","-69"
"453","-193.4","-198","-183"
"454","-180.6","-198","-149"
"455","-191.2","-200","-172"
"456","-156.8","-198","-24"
"457","-161.4","-194","-62"
"458","-138.4","-195","-23"
"459","-140.2","-196","-28"
"460","-155.8","-198","-6"
"461","-129.4","-197","-16"
"462","-179.2","-198","-145"
"463","-143.6","-198","-27"
"464","-156.8","-198","-20"
"465","-181.4","-200","-123"
"466","-137.4","-198","-22"
"467","-157","-199","-42"
"468","-133.6","-197","-34"
"469","-172","-198","-76"
"470","-179.6","-199","-132"
"471","-166.6","-198","-45"
"472","-178.8","-197","-115"
"473","-184.8","-199","-135"
"474","-186.4","-198","-158"
"475","-169.2","-197","-63"
"476","-155.2","-197","-42"
"477","-149.2","-197","-31"
"478","-156.6","-195","-9"
"479","-162.4","-199","-76"
"480","-159","-198","-11"
"481","-149.2","-195","-10"
"482","-195.6","-199","-194"
"483","-146.4","-198","-16"
"484","-193.4","-198","-185"
"485","-176.6","-199","-99"
"486","-148.8","-195","-59"
"487","-127.8","-196","-5"
"488","-131","-198","-17"
"489","-162.2","-196","-76"
"490","-136.4","-194","-6"
"491","-86.2","-195","-9"
"492","-97.6","-198","-9"
"493","-118.6","-197","-34"
"494","-151.4","-200","-12"
"495","-131.8","-199","-22"
"496","-157.2","-197","-96"
"497","-153","-198","-89"
"498","-196.2","-200","-194"
"499","-97.6","-198","-5"
"500","-109.6","-197","-11"
"501","-159","-198","-24"
"502","-165.6","-197","-50"
"503","-173","-198","-78"
"504","-122.8","-197","-9"
"505","-143","-199","-23"
"506","-107.6","-198","-10"
"507","-194.2","-198","-185"
"508","-126","-199","-31"
"509","-150.6","-199","-75"
"510","-166.6","-198","-48"
"511","-126.2","-198","-65"
"512","-159.2","-199","-98"
"513","-150","-197","-32"
"514","-144.2","-198","-65"
"515","-184","-200","-129"
"516","-155.2","-197","-82"
"517","-126.2","-199","-28"
"518","-150","-198","-27"
"519","-142.6","-200","-65"
"520","-161.2","-198","-16"
"521","-169.4","-200","-105"
"522","-136.2","-199","-60"
"523","-158.4","-198","-8"
"524","-195.2","-197","-193"
"525","-118.4","-198","-17"
"526","-112","-196","-19"
"527","-152","-197","-79"
"528","-137.2","-198","-15"
"529","-183.4","-195","-170"
"530","-125.4","-199","-12"
"531","-146.6","-196","-28"
"532","-115.2","-195","-32"
"533","-159.8","-199","-42"
"534","-161.6","-199","-18"
"535","-167.2","-197","-100"
"536","-154.8","-198","-22"
"537","-180.2","-194","-129"
"538","-137.4","-199","-20"
"539","-178.8","-198","-103"
"540","-151.2","-195","-26"
"541","-158.4","-199","-38"
"542","-110.6","-199","-12"
"543","-160.6","-199","-12"
"544","-136.2","-196","-30"
"545","-137.2","-198","-47"
"546","-143.8","-197","-19"
"547","-168","-198","-52"
"548","-157.6","-197","-79"
"549","-170","-200","-65"
"550","-150.4","-197","-22"
"551","-129.2","-197","-6"
"552","-197.8","-199","-197"
"553","-101.6","-197","-22"
"554","-143.4","-196","-20"
"555","-114.2","-197","-16"
"556","-160.2","-199","-53"
"557","-102.2","-198","-5"
"558","-70.4","-195","-9"
"559","-86","-200","-13"
"560","-140.4","-199","-18"
"561","-101","-197","-10"
"562","-146.4","-197","-10"
"563","-99.8","-143","-42"
"564","-125.6","-197","-11"
"565","-196.4","-199","-194"
"566","-130.2","-197","-26"
"567","-154","-199","-70"
"568","-171.4","-197","-105"
"569","-123.2","-196","-42"
"570","-174","-197","-89"
"571","-118.4","-196","-8"
"572","-106.2","-195","-48"
"573","-112.4","-196","-20"
"574","-88.6","-197","-9"
"575","-144.4","-192","-91"
"576","-81.6","-196","-7"
"577","-77.4","-198","-19"
"578","-125.6","-199","-26"
"579","-67.2","-140","-29"
"580","-115.4","-198","-25"
"581","-70.2","-197","-14"
"582","-157.4","-199","-9"
"583","-162.4","-198","-22"
"584","-125.2","-196","-34"
"585","-143.6","-197","-60"
"586","-198","-199","-197"
"587","-192.2","-198","-181"
"588","-142","-197","-7"
"589","-132.4","-200","-6"
"590","-169","-197","-84"
"591","-140.8","-199","-17"
"592","-159.4","-199","-12"
"593","-45.8","-140","-11"
"594","-110.2","-197","-21"
"595","-127","-198","-6"
"596","-118.4","-197","-10"
"597","-124.2","-198","-9"
"598","-113.2","-198","-12"
"599","-129.2","-197","-32"
"600","-140.2","-199","-37"
"601","-161","-198","-127"
"602","-105.8","-199","-22"
"603","-48","-130","-9"
"604","-140.2","-198","-21"
"605","-102.6","-198","-21"
"606","-80.8","-198","-15"
"607","-53","-131","-10"
"608","-114.6","-197","-39"
"609","-124.2","-199","-11"
"610","-137.8","-198","-24"
"611","-118.2","-197","-13"
"612","-74.6","-197","-5"
"613","-114.6","-194","-10"
"614","-136.6","-198","-11"
"615","-77.2","-124","-33"
"616","-94","-197","-7"
"617","-90.2","-198","-9"
"618","-48","-194","-7"
"619","-141","-200","-11"
"620","-151","-200","-29"
"621","-143.8","-195","-8"
"622","-85.8","-197","-12"
"623","-141.8","-198","-33"
"624","-138","-197","-56"
"625","-106","-155","-7"
"626","-67","-98","-12"
"627","-58.4","-179","-7"
"628","-85.8","-175","-26"
"629","-86.4","-195","-8"
"630","-48.4","-123","-6"
"631","-53.4","-134","-6"
"632","-117.2","-199","-10"
"633","-147","-198","-6"
"634","-107.8","-196","-21"
"635","-111.2","-196","-39"
"636","-84.2","-193","-34"
"637","-98.4","-200","-20"
"638","-62.6","-100","-15"
"639","-105.8","-149","-10"
"640","-105","-196","-16"
"641","-84.8","-199","-11"
"642","-105.8","-198","-10"
"643","-76.8","-194","-16"
"644","-72.8","-197","-7"
"645","-136","-198","-11"
"646","-86.2","-194","-11"
"647","-95.4","-196","-15"
"648","-76.4","-195","-10"
"649","-82.8","-199","-13"
"650","-79.6","-196","-6"
"651","-59.2","-195","-7"
"652","-27","-85","-7"
"653","-92.4","-199","-19"
"654","-62.2","-195","-10"
"655","-54.6","-168","-12"
"656","-69.2","-158","-9"
"657","-90.8","-199","-33"
"658","-116.4","-195","-9"
"659","-21.8","-46","-11"
"660","-80.4","-196","-10"
"661","-110","-197","-6"
"662","-34.2","-74","-17"
"663","-82","-175","-18"
"664","-34.8","-112","-11"
"665","-86.8","-199","-10"
"666","-20.2","-49","-9"
"667","-67.8","-197","-21"
"668","-75.4","-141","-13"
"669","-39.8","-124","-8"
"670","-101.6","-197","-19"
"671","-61.6","-99","-12"
"672","-23.4","-58","-8"
"673","-91.6","-193","-9"
"674","-92.2","-167","-22"
"675","-78.2","-194","-20"
"676","-64.2","-196","-20"
"677","-127.6","-172","-37"
"678","-86.2","-194","-23"
"679","-95.6","-199","-12"
"680","-46.2","-90","-5"
"681","-48.6","-164","-10"
"682","-37.8","-84","-6"
"683","-101.2","-196","-10"
"684","-82.6","-196","-12"
"685","-102.4","-198","-27"
"686","-86","-195","-8"
"687","-83.2","-198","-9"
"688","-68.6","-155","-13"
"689","-49.6","-84","-10"
"690","-24.2","-47","-12"
"691","-53.6","-108","-15"
"692","-71","-164","-19"
"693","-67.6","-141","-14"
"694","-55.4","-194","-5"
"695","-91.2","-138","-13"
"696","-84.2","-179","-25"
"697","-13.6","-22","-9"
"698","-68.6","-163","-7"
"699","-22.2","-58","-10"
"700","-40.4","-117","-13"
"701","-29","-75","-5"
"702","-17","-24","-12"
"703","-30","-97","-9"
"704","-53.8","-198","-9"
"705","-92","-190","-10"
"706","-70.4","-130","-10"
"707","-20","-35","-10"
"708","-61.8","-197","-18"
"709","-25.4","-42","-10"
"710","-94.6","-199","-10"
"711","-26.4","-53","-9"
"712","-73.6","-194","-15"
"713","-15.4","-29","-6"
"714","-76.4","-139","-25"
"715","-28.6","-47","-16"
"716","-70","-185","-16"
"717","-52.6","-117","-11"
"718","-23.8","-50","-7"
"719","-56.4","-107","-22"
"720","-22.2","-45","-6"
"721","-62.8","-182","-12"
"722","-41.2","-68","-8"
"723","-22","-48","-5"
"724","-14.8","-17","-10"
"725","-35.8","-59","-14"
"726","-53","-94","-10"
"727","-51.4","-199","-9"
"728","-53.2","-196","-11"
"729","-17.4","-25","-10"
"730","-21.8","-44","-10"
"731","-33","-60","-11"
"732","-51.2","-105","-11"
"733","-22.2","-36","-15"
"734","-17","-21","-12"
"735","-12.4","-22","-7"
"736","-31.2","-67","-16"
"737","-38.2","-87","-8"
"738","-57.6","-174","-9"
"739","-44.6","-138","-10"
"740","-32.6","-97","-6"
"741","-28.4","-53","-12"
"742","-27.4","-57","-7"
"743","-60.2","-183","-13"
"744","-40.4","-80","-11"
"745","-35.8","-68","-10"
"746","-20.4","-25","-13"
"747","-75.6","-184","-22"
"748","-17.8","-46","-6"
"749","-28.6","-49","-9"
"750","-26.2","-64","-12"
"751","-27","-65","-13"
"752","-27.2","-59","-13"
"753","-24.6","-61","-9"
"754","-61.8","-158","-17"
"755","-27.4","-55","-11"
"756","-34.6","-67","-12"
"757","-63.4","-179","-13"
"758","-47.8","-197","-8"
"759","-29.8","-68","-6"
"760","-19.2","-25","-13"
"761","-30.6","-58","-8"
"762","-51.6","-157","-10"
"763","-22.4","-57","-8"
"764","-43.6","-111","-17"
"765","-42.2","-123","-15"
"766","-22.8","-34","-14"
"767","-20.4","-36","-9"
"768","-22.2","-33","-12"
"769","-12.6","-22","-5"
"770","-31.8","-101","-10"
"771","-34","-110","-5"
"772","-17.6","-26","-12"
"773","-14.2","-18","-11"
"774","-45.4","-146","-12"
"775","-11.2","-14","-8"
"776","-13.6","-26","-7"
"777","-20","-30","-8"
"778","-18.4","-29","-6"
"779","-31.6","-62","-9"
"780","-16","-20","-12"
"781","-32.8","-62","-5"
"782","-23.4","-49","-8"
"783","-41.2","-135","-8"
"784","-32.8","-88","-11"
"785","-26.2","-63","-13"
"786","-31.8","-97","-11"
"787","-19","-38","-11"
"788","-17.4","-29","-10"
"789","-26.8","-60","-9"
"790","-46.6","-112","-12"
"791","-24.6","-45","-11"
"792","-12","-15","-5"
"793","-40.8","-124","-12"
"794","-26.6","-49","-15"
"795","-27.6","-72","-11"
"796","-18","-23","-13"
"797","-21.6","-37","-10"
"798","-30.8","-81","-8"
"799","-20.8","-31","-12"
"800","-18","-24","-14"
"801","-23.6","-49","-10"
"802","-25.2","-76","-8"
"803","-33.2","-79","-8"
"804","-29.8","-85","-12"
"805","-52","-124","-9"
"806","-21.2","-43","-8"
"807","-28.8","-65","-7"
"808","-23","-39","-13"
"809","-16.8","-30","-5"
"810","-16.4","-36","-10"
"811","-17.4","-30","-9"
"812","-13","-17","-9"
"813","-30","-81","-10"
"814","-24.2","-83","-8"
"815","-27.6","-62","-9"
"816","-19","-30","-10"
"817","-18.6","-48","-7"
"818","-22.4","-55","-12"
"819","-14.6","-24","-6"
"820","-29.2","-84","-11"
"821","-18","-34","-11"
"822","-14.8","-20","-10"
"823","-25.8","-61","-12"
"824","-12.4","-16","-8"
"825","-15.6","-23","-9"
"826","-20.8","-52","-9"
"827","-15.4","-20","-11"
"828","-16","-31","-11"
"829","-16.4","-26","-10"
"830","-15.4","-29","-10"
"831","-21.2","-28","-13"
"832","-30.2","-70","-8"
"833","-18.6","-27","-11"
"834","-17.4","-28","-9"
"835","-13.8","-19","-8"
"836","-23.2","-59","-9"
"837","-16.4","-22","-12"
"838","-11","-13","-9"
"839","-16.6","-21","-12"
"840","-12.8","-15","-9"
"841","-22.2","-49","-12"
"842","-21.6","-40","-12"
"843","-14.4","-20","-10"
"844","-13.4","-21","-9"
"845","-24.2","-73","-7"
"846","-23.8","-68","-9"
"847","-13","-18","-9"
"848","-22.2","-37","-14"
"849","-43.2","-133","-10"
"850","-12.4","-18","-9"
"851","-30.6","-48","-13"
"852","-22.6","-52","-8"
"853","-12","-24","-8"
"854","-15.4","-24","-9"
"855","-16.8","-32","-11"
"856","-21","-56","-9"
"857","-17.6","-30","-12"
"858","-18.8","-36","-12"
"859","-20.4","-41","-12"
"860","-21","-29","-14"
"861","-22","-27","-12"
"862","-15.4","-23","-9"
"863","-14.4","-21","-9"
"864","-37.6","-64","-7"
"865","-21.8","-51","-10"
"866","-27.6","-61","-9"
"867","-19.6","-35","-10"
"868","-17.8","-33","-9"
"869","-18.4","-22","-10"
"870","-14.6","-18","-9"
"871","-16.4","-27","-12"
"872","-22.6","-32","-11"
"873","-35.6","-80","-14"
"874","-14","-16","-11"
"875","-15.8","-19","-9"
"876","-18.2","-28","-13"
"877","-10.8","-15","-8"
"878","-13.8","-22","-11"
"879","-13","-21","-5"
"880","-15.6","-22","-6"
"881","-13","-15","-11"
"882","-16.8","-25","-10"
"883","-16","-21","-10"
"884","-25.8","-49","-10"
"885","-14.6","-22","-10"
"886","-21.8","-47","-9"
"887","-10.6","-14","-5"
"888","-22.8","-26","-20"
"889","-15","-19","-11"
"890","-16.2","-22","-10"
"891","-26.2","-51","-11"
"892","-13.6","-20","-6"
"893","-24.8","-62","-11"
"894","-14.2","-18","-10"
"895","-15.4","-34","-9"
"896","-14","-18","-7"
"897","-14.8","-30","-9"
"898","-12.4","-26","-8"
"899","-16.2","-25","-11"
"900","-13.4","-29","-7"
"901","-21","-32","-12"
"902","-13.8","-24","-10"
"903","-11.4","-15","-7"
"904","-16.2","-23","-11"
"905","-18","-29","-7"
"906","-24","-44","-8"
"907","-15.6","-20","-10"
"908","-14.6","-26","-6"
"909","-15","-32","-9"
"910","-14","-16","-11"
"911","-14","-20","-10"
"912","-14.2","-23","-10"
"913","-16.8","-28","-10"
"914","-14","-21","-9"
"915","-22.4","-66","-8"
"916","-11","-15","-7"
"917","-16.8","-24","-11"
"918","-12.6","-19","-9"
"919","-8.8","-13","-5"
"920","-16.6","-30","-11"
"921","-9.8","-12","-7"
"922","-10.8","-17","-6"
"923","-21","-28","-16"
"924","-15.6","-23","-10"
"925","-14.4","-19","-10"
"926","-15.2","-20","-12"
"927","-16.2","-33","-7"
"928","-17.4","-29","-12"
"929","-10.6","-15","-8"
"930","-18","-32","-11"
"931","-22.2","-33","-16"
"932","-14.8","-20","-12"
"933","-19.4","-32","-11"
"934","-9.8","-11","-8"
"935","-12.4","-17","-7"
"936","-14.6","-27","-8"
"937","-17.4","-34","-10"
"938","-23","-56","-11"
"939","-14.4","-19","-7"
"940","-15","-23","-5"
"941","-12.4","-14","-11"
"942","-14.8","-18","-12"
"943","-14.6","-21","-10"
"944","-13.2","-18","-10"
"945","-13.6","-20","-9"
"946","-12.8","-20","-9"
"947","-15","-20","-12"
"948","-20.4","-32","-10"
"949","-13.8","-19","-10"
"950","-12.4","-15","-10"
"951","-24.8","-49","-8"
"952","-19","-42","-11"
"953","-15.2","-19","-12"
"954","-10","-12","-8"
"955","-14.8","-17","-13"
"956","-16.4","-24","-11"
"957","-13.8","-20","-10"
"958","-19.6","-25","-13"
"959","-13","-21","-9"
"960","-13.2","-18","-9"
"961","-14.2","-21","-9"
"962","-14.4","-25","-6"
"963","-14.2","-21","-12"
"964","-12.6","-15","-11"
"965","-13.4","-16","-12"
"966","-15","-23","-11"
"967","-13.8","-17","-8"
"968","-13.8","-23","-5"
"969","-12.4","-15","-10"
"970","-10.2","-15","-7"
"971","-11.2","-13","-9"
"972","-15.6","-19","-10"
"973","-11.4","-15","-8"
"974","-14.2","-33","-8"
"975","-13.8","-24","-8"
"976","-13","-17","-9"
"977","-15.6","-19","-10"
"978","-12.6","-15","-8"
"979","-11","-12","-10"
"980","-14","-22","-10"
"981","-20.8","-45","-14"
"982","-15","-23","-8"
"983","-15.2","-21","-11"
"984","-14.8","-18","-12"
"985","-11.6","-13","-9"
"986","-12.2","-15","-8"
"987","-12","-16","-10"
"988","-14.6","-24","-8"
"989","-14","-19","-12"
"990","-15.6","-22","-10"
"991","-13.2","-15","-7"
"992","-11.4","-16","-8"
"993","-13.6","-18","-7"
"994","-16.2","-30","-9"
"995","-14","-19","-6"
"996","-15.6","-22","-10"
"997","-13","-15","-10"
"998","-19.2","-35","-10"
"999","-19","-22","-16"
"1000","-13.2","-18","-9"
"1001","-15.6","-22","-11"
"1002","-12.8","-16","-9"
"1003","-10.6","-14","-7"
"1004","-12.2","-15","-10"
"1005","-12","-18","-8"
"1006","-15","-20","-11"
"1007","-15.8","-25","-9"
"1008","-15.4","-19","-10"
"1009","-15.8","-26","-10"
"1010","-15","-23","-6"
"1011","-14.2","-17","-12"
"1012","-13.2","-16","-10"
"1013","-9.8","-13","-8"
"1014","-13.2","-21","-9"
"1015","-13","-17","-11"
"1016","-15.6","-20","-9"
"1017","-13.4","-18","-9"
"1018","-11.6","-14","-5"
"1019","-12.6","-15","-10"
"1020","-11.6","-15","-7"
"1021","-13.2","-15","-11"
"1022","-13.4","-19","-10"
"1023","-13.2","-17","-10"
"1024","-11.6","-16","-9"
"1025","-13.8","-17","-12"
"1026","-13.4","-16","-7"
"1027","-14.4","-18","-11"
"1028","-11.6","-13","-7"
"1029","-12.6","-18","-5"
"1030","-13","-19","-9"
"1031","-14.8","-28","-8"
"1032","-14.8","-20","-8"
"1033","-13","-18","-5"
"1034","-12.8","-16","-9"
"1035","-13","-18","-8"
"1036","-10.8","-12","-9"
"1037","-14.2","-22","-9"
"1038","-12.2","-17","-9"
"1039","-13","-19","-10"
"1040","-15","-18","-11"
"1041","-13.2","-26","-9"
"1042","-13.8","-19","-8"
"1043","-11.4","-15","-6"
"1044","-17.4","-31","-12"
"1045","-11.8","-17","-6"
"1046","-12.6","-19","-10"
"1047","-11","-14","-7"
"1048","-13.6","-20","-9"
"1049","-14","-17","-12"
"1050","-13.8","-17","-10"
"1051","-11","-16","-6"
"1052","-11.4","-16","-9"
"1053","-11.4","-17","-7"
"1054","-11.6","-15","-7"
"1055","-14.6","-17","-12"
"1056","-9.2","-15","-6"
"1057","-14.8","-17","-9"
"1058","-12.8","-19","-8"
"1059","-15","-21","-10"
"1060","-13","-19","-10"
"1061","-13.6","-19","-8"
"1062","-13.8","-18","-10"
"1063","-13","-20","-8"
"1064","-15.2","-35","-9"
"1065","-15.2","-24","-8"
"1066","-13.6","-24","-7"
"1067","-12.8","-16","-10"
"1068","-15.2","-23","-11"
"1069","-13.2","-17","-8"
"1070","-11.8","-15","-5"
"1071","-15.6","-31","-9"
"1072","-12.8","-15","-10"
"1073","-14.6","-21","-8"
"1074","-14.8","-19","-10"
"1075","-10.8","-16","-8"
"1076","-14.6","-24","-10"
"1077","-13.8","-18","-12"
"1078","-9.4","-13","-7"
"1079","-12.8","-15","-9"
"1080","-12.4","-15","-9"
"1081","-19","-25","-11"
"1082","-13.4","-15","-12"
"1083","-13","-15","-11"
"1084","-14.2","-18","-11"
"1085","-12.2","-15","-9"
"1086","-12.4","-17","-6"
"1087","-16.2","-28","-8"
"1088","-13.4","-20","-11"
"1089","-13.6","-18","-9"
"1090","-13.2","-18","-9"
"1091","-13.2","-21","-9"
"1092","-11","-14","-7"
"1093","-11.6","-14","-9"
"1094","-13.6","-16","-11"
"1095","-12.8","-14","-11"
"1096","-11.4","-15","-8"
"1097","-13.6","-18","-11"
"1098","-14","-18","-12"
"1099","-15.6","-19","-13"
"1100","-13.2","-16","-11"
"1101","-17.4","-24","-14"
"1102","-12.4","-14","-11"
"1103","-13.4","-15","-9"
"1104","-11.2","-17","-6"
"1105","-12.4","-13","-11"
"1106","-15","-16","-13"
"1107","-11.4","-15","-6"
"1108","-13.8","-22","-10"
"1109","-11.2","-15","-7"
"1110","-11.6","-13","-11"
"1111","-14.8","-20","-12"
"1112","-13","-16","-10"
"1113","-11.8","-13","-10"
"1114","-12.2","-16","-6"
"1115","-13","-17","-6"
"1116","-12.4","-14","-9"
"1117","-12.4","-16","-8"
"1118","-17.8","-39","-9"
"1119","-11","-15","-8"
"1120","-10.4","-13","-9"
"1121","-12.8","-15","-11"
"1122","-13.2","-18","-8"
"1123","-12.6","-17","-8"
"1124","-11.2","-15","-9"
"1125","-13.8","-17","-10"
"1126","-13","-14","-12"
"1127","-14.4","-17","-12"
"1128","-13.2","-18","-9"
"1129","-14","-18","-8"
"1130","-16.2","-22","-11"
"1131","-14.2","-20","-10"
"1132","-13.6","-19","-7"
"1133","-13.4","-17","-10"
"1134","-11.8","-14","-10"
"1135","-13.4","-17","-11"
"1136","-13.4","-17","-10"
"1137","-11.2","-16","-7"
"1138","-14.4","-19","-10"
"1139","-11","-14","-7"
"1140","-12.4","-16","-9"
"1141","-12.2","-17","-6"
"1142","-10.6","-14","-6"
"1143","-13.2","-17","-9"
"1144","-14.6","-17","-11"
"1145","-12.8","-17","-9"
"1146","-11","-15","-6"
"1147","-13.8","-16","-12"
"1148","-14","-17","-12"
"1149","-11.8","-16","-8"
"1150","-13","-18","-9"
"1151","-14.6","-22","-9"
"1152","-13.8","-17","-11"
"1153","-11.8","-14","-9"
"1154","-11.6","-13","-11"
"1155","-12","-17","-5"
"1156","-16.6","-20","-10"
"1157","-16.4","-23","-13"
"1158","-11.4","-14","-9"
"1159","-11.8","-14","-9"
"1160","-14.6","-24","-10"
"1161","-12.8","-17","-8"
"1162","-13.6","-19","-9"
"1163","-13.6","-15","-10"
"1164","-16.4","-22","-12"
"1165","-11","-20","-8"
"1166","-13.4","-16","-11"
"1167","-12.6","-18","-9"
"1168","-13.4","-17","-12"
"1169","-16","-16","-16"
"1170","-13.2","-17","-8"
"1171","-14.2","-17","-10"
"1172","-10.8","-15","-8"
"1173","-11.6","-14","-7"
"1174","-10.8","-17","-7"
"1175","-13.4","-18","-10"
"1176","-13","-17","-11"
"1177","-12.8","-15","-10"
"1178","-12.6","-17","-6"
"1179","-11.8","-14","-9"
"1180","-11.8","-14","-10"
"1181","-11.4","-15","-6"
"1182","-11.2","-16","-5"
"1183","-13.8","-16","-11"
"1184","-14.2","-19","-9"
"1185","-9.4","-11","-7"
"1186","-11.4","-17","-9"
"1187","-13.4","-18","-10"
"1188","-13","-15","-11"
"1189","-10.6","-14","-6"
"1190","-13.4","-19","-7"
"1191","-12.6","-15","-10"
"1192","-12.4","-16","-9"
"1193","-12.6","-16","-9"
"1194","-15.4","-18","-12"
"1195","-12.4","-16","-7"
"1196","-11","-14","-9"
"1197","-18","-27","-11"
"1198","-11.4","-14","-9"
"1199","-10.2","-12","-8"
"1200","-12.8","-20","-9"
"1201","-11.2","-16","-5"
"1202","-14.8","-19","-9"
"1203","-12.2","-21","-5"
"1204","-13.6","-17","-11"
"1205","-11.2","-14","-9"
"1206","-13","-18","-8"
"1207","-12","-15","-10"
"1208","-13","-16","-10"
"1209","-12","-17","-9"
"1210","-12.6","-15","-10"
"1211","-12.2","-17","-6"
"1212","-10.8","-14","-8"
"1213","-10","-15","-7"
"1214","-12.4","-14","-10"
"1215","-11.6","-15","-10"
"1216","-13.4","-16","-10"
"1217","-11.8","-14","-10"
"1218","-12.6","-15","-10"
"1219","-13.4","-16","-11"
"1220","-14.4","-19","-12"
"1221","-10.4","-15","-5"
"1222","-12.6","-17","-10"
"1223","-13.6","-15","-11"
"1224","-14","-17","-9"
"1225","-11.8","-13","-10"
"1226","-13.2","-16","-11"
"1227","-16.2","-20","-14"
"1228","-11.6","-18","-6"
"1229","-12.4","-15","-10"
"1230","-12.4","-15","-8"
"1231","-14","-15","-12"
"1232","-15.2","-17","-13"
"1233","-14.2","-15","-13"
"1234","-12.6","-18","-7"
"1235","-11.6","-16","-9"
"1236","-12.2","-16","-10"
"1237","-12.6","-15","-11"
"1238","-10.2","-14","-6"
"1239","-13.6","-17","-11"
"1240","-13.6","-17","-12"
"1241","-11.8","-16","-8"
"1242","-10.8","-17","-8"
"1243","-11.2","-17","-7"
"1244","-12.6","-15","-10"
"1245","-12.6","-15","-9"
"1246","-11.2","-16","-6"
"1247","-12","-16","-10"
"1248","-13.8","-16","-11"
"1249","-14.2","-18","-5"
"1250","-11.8","-16","-5"
"1251","-14","-19","-11"
"1252","-12.8","-15","-9"
"1253","-13.8","-21","-10"
"1254","-12","-14","-9"
"1255","-12.4","-17","-6"
"1256","-13","-14","-12"
"1257","-12.4","-15","-11"
"1258","-12.8","-17","-10"
"1259","-15","-18","-12"
"1260","-11","-15","-8"
"1261","-13","-20","-8"
"1262","-12.4","-14","-9"
"1263","-13.8","-17","-12"
"1264","-16.6","-20","-13"
"1265","-13.2","-17","-10"
"1266","-13.2","-19","-9"
"1267","-12.4","-18","-6"
"1268","-14.2","-16","-11"
"1269","-12.6","-18","-10"
"1270","-12","-16","-10"
"1271","-9.8","-12","-6"
"1272","-12.8","-15","-10"
"1273","-13.8","-18","-8"
"1274","-12.6","-15","-9"
"1275","-13.8","-17","-10"
"1276","-13.4","-16","-11"
"1277","-12.8","-15","-10"
"1278","-11.6","-14","-10"
"1279","-10","-16","-6"
"1280","-11.2","-12","-10"
"1281","-12.8","-17","-6"
"1282","-11.4","-13","-9"
"1283","-13","-16","-8"
"1284","-10.6","-15","-6"
"1285","-14.2","-17","-12"
"1286","-12.6","-17","-9"
"1287","-11.4","-14","-9"
"1288","-12.4","-16","-9"
"1289","-10.8","-15","-7"
"1290","-13","-15","-10"
"1291","-12","-14","-10"
"1292","-13.2","-16","-11"
"1293","-13","-15","-11"
"1294","-12.8","-16","-7"
"1295","-12.8","-15","-11"
"1296","-12.8","-15","-8"
"1297","-13.4","-15","-12"
"1298","-13.4","-16","-11"
"1299","-12","-17","-7"
"1300","-12","-15","-8"
"1301","-12.6","-15","-10"
"1302","-14","-16","-11"
"1303","-14.8","-17","-12"
"1304","-13.2","-16","-9"
"1305","-11","-15","-8"
"1306","-12.6","-18","-9"
"1307","-13.8","-15","-12"
"1308","-13.2","-19","-11"
"1309","-12","-16","-7"
"1310","-13.2","-17","-11"
"1311","-11.2","-14","-7"
"1312","-12","-14","-9"
"1313","-13.6","-15","-12"
"1314","-14.2","-17","-11"
"1315","-14","-17","-10"
"1316","-14.4","-17","-12"
"1317","-13","-17","-9"
"1318","-13.4","-15","-10"
"1319","-13.4","-17","-8"
"1320","-14.4","-18","-12"
"1321","-12.8","-17","-10"
"1322","-12.4","-15","-10"
"1323","-13.8","-16","-12"
"1324","-13","-16","-11"
"1325","-12.4","-14","-10"
"1326","-13.4","-16","-11"
"1327","-14.8","-17","-14"
"1328","-12.6","-16","-8"
"1329","-11","-14","-7"
"1330","-13.8","-18","-9"
"1331","-10.4","-14","-6"
"1332","-13.2","-19","-9"
"1333","-13.8","-18","-7"
"1334","-13","-19","-9"
"1335","-14.6","-16","-12"
"1336","-12.8","-14","-12"
"1337","-11.6","-17","-8"
"1338","-12.4","-19","-7"
"1339","-13.2","-17","-8"
"1340","-10.6","-15","-8"
"1341","-13.4","-17","-10"
"1342","-11.2","-16","-9"
"1343","-16.4","-17","-16"
"1344","-13.8","-17","-9"
"1345","-12.4","-17","-10"
"1346","-9.4","-11","-8"
"1347","-12.2","-19","-9"
"1348","-14.2","-16","-13"
"1349","-12.4","-14","-11"
"1350","-13.8","-18","-11"
"1351","-12.2","-17","-10"
"1352","-15.4","-17","-14"
"1353","-13.6","-17","-11"
"1354","-11.2","-16","-8"
"1355","-10.6","-16","-6"
"1356","-13.8","-18","-11"
"1357","-13","-17","-8"
"1358","-13.6","-18","-9"
"1359","-12.8","-18","-6"
"1360","-11.6","-14","-6"
"1361","-11.2","-15","-7"
"1362","-13","-17","-11"
"1363","-12.2","-15","-9"
"1364","-10.4","-12","-8"
"1365","-12.8","-17","-9"
"1366","-12.6","-15","-11"
"1367","-9.8","-16","-7"
"1368","-12.2","-18","-8"
"1369","-12.2","-17","-8"
"1370","-12.8","-17","-10"
"1371","-13.2","-15","-11"
"1372","-11.2","-15","-9"
"1373","-10.6","-14","-6"
"1374","-14.6","-17","-12"
"1375","-10.2","-13","-6"
"1376","-15.4","-18","-13"
"1377","-12.8","-15","-11"
"1378","-10.6","-13","-8"
"1379","-13.6","-19","-11"
"1380","-13.6","-16","-10"
"1381","-12.4","-17","-10"
"1382","-13.2","-18","-10"
"1383","-12.2","-17","-8"
"1384","-10.6","-15","-7"
"1385","-12.6","-15","-6"
"1386","-14.6","-17","-12"
"1387","-11.4","-18","-8"
"1388","-12.4","-16","-8"
"1389","-13.6","-17","-11"
"1390","-12.4","-16","-9"
"1391","-13.4","-21","-9"
"1392","-12.4","-16","-5"
"1393","-12.4","-19","-7"
"1394","-11.8","-17","-5"
"1395","-10","-14","-7"
"1396","-13.6","-16","-11"
"1397","-12.6","-19","-10"
"1398","-10.4","-17","-6"
"1399","-13","-16","-9"
"1400","-13.2","-14","-12"
"1401","-11.4","-13","-9"
"1402","-12.2","-15","-9"
"1403","-12","-15","-9"
"1404","-13.4","-18","-10"
"1405","-12.4","-17","-9"
"1406","-13.4","-16","-10"
"1407","-12.4","-15","-9"
"1408","-14.2","-21","-10"
"1409","-10.8","-17","-6"
"1410","-11","-17","-6"
"1411","-15.4","-17","-13"
"1412","-12.8","-15","-9"
"1413","-13.4","-16","-11"
"1414","-13.4","-17","-10"
"1415","-13.8","-17","-12"
"1416","-13.8","-17","-11"
"1417","-13.6","-16","-11"
"1418","-11","-13","-10"
"1419","-12.6","-15","-11"
"1420","-12.4","-15","-10"
"1421","-12.4","-15","-8"
"1422","-12.2","-18","-8"
"1423","-12.4","-16","-9"
"1424","-14.4","-17","-11"
"1425","-13.4","-15","-13"
"1426","-13.2","-16","-9"
"1427","-13.2","-18","-10"
"1428","-14.6","-17","-12"
"1429","-11.6","-14","-10"
"1430","-10.2","-13","-6"
"1431","-15","-20","-8"
"1432","-13","-20","-9"
"1433","-10.6","-13","-7"
"1434","-12.2","-13","-10"
"1435","-15","-17","-11"
"1436","-11.2","-15","-9"
"1437","-13","-16","-10"
"1438","-9.6","-15","-5"
"1439","-13.2","-16","-12"
"1440","-13.8","-16","-12"
"1441","-11.4","-14","-8"
"1442","-13","-15","-10"
"1443","-11.4","-14","-9"
"1444","-12.2","-17","-6"
"1445","-13","-16","-9"
"1446","-12.4","-15","-11"
"1447","-12.2","-18","-10"
"1448","-13.6","-16","-11"
"1449","-13.4","-17","-11"
"1450","-11.6","-17","-5"
"1451","-13.2","-17","-9"
"1452","-12.6","-13","-11"
"1453","-12","-16","-9"
"1454","-13.8","-19","-9"
"1455","-13.6","-18","-10"
"1456","-12.2","-19","-7"
"1457","-12.6","-14","-11"
"1458","-13.2","-16","-8"
"1459","-8.8","-13","-6"
"1460","-13.8","-19","-9"
"1461","-11.4","-15","-8"
"1462","-14","-16","-12"
"1463","-12.2","-13","-11"
"1464","-11.8","-15","-8"
"1465","-11.6","-13","-8"
"1466","-13.2","-16","-11"
"1467","-14.6","-16","-13"
"1468","-13.6","-17","-9"
"1469","-13","-17","-9"
"1470","-12.2","-13","-11"
"1471","-13","-18","-9"
"1472","-14.8","-17","-12"
"1473","-12.2","-17","-9"
"1474","-14.8","-16","-12"
"1475","-13.6","-17","-9"
"1476","-12.6","-15","-10"
"1477","-10.4","-13","-6"
"1478","-12.8","-17","-10"
"1479","-12","-16","-7"
"1480","-13.6","-18","-12"
"1481","-13.8","-17","-11"
"1482","-10","-13","-6"
"1483","-12.8","-17","-7"
"1484","-11.8","-15","-8"
"1485","-12.8","-16","-8"
"1486","-13","-16","-10"
"1487","-11.2","-15","-6"
"1488","-13.4","-16","-12"
"1489","-13.2","-16","-12"
"1490","-11","-13","-10"
"1491","-13.2","-17","-9"
"1492","-12.4","-16","-10"
"1493","-14","-17","-7"
"1494","-12.6","-17","-7"
"1495","-11.2","-14","-10"
"1496","-14.4","-19","-7"
"1497","-12","-16","-7"
"1498","-14.2","-18","-11"
"1499","-11","-14","-9"
"1500","-12","-14","-10"
"1501","-14.6","-18","-10"
"1502","-14.2","-18","-10"
"1503","-15.8","-18","-11"
"1504","-12.2","-17","-10"
"1505","-14.8","-19","-11"
"1506","-11.2","-14","-8"
"1507","-12.8","-16","-9"
"1508","-11.8","-16","-8"
"1509","-12.4","-15","-11"
"1510","-10.8","-14","-8"
"1511","-13.2","-18","-10"
"1512","-13.4","-15","-11"
"1513","-11.4","-14","-10"
"1514","-14.2","-17","-12"
"1515","-13","-20","-9"
"1516","-13","-20","-8"
"1517","-11.2","-14","-8"
"1518","-10.6","-13","-10"
"1519","-10.6","-15","-8"
"1520","-11.2","-14","-8"
"1521","-11.8","-15","-9"
"1522","-14","-17","-6"
"1523","-10.2","-11","-9"
"1524","-10.4","-15","-8"
"1525","-13.8","-19","-11"
"1526","-12.2","-14","-9"
"1527","-13.2","-18","-11"
"1528","-12.4","-16","-7"
"1529","-11","-14","-9"
"1530","-10.4","-18","-5"
"1531","-13.6","-16","-10"
"1532","-12.6","-15","-11"
"1533","-12.2","-15","-8"
"1534","-12.8","-16","-8"
"1535","-12.2","-18","-6"
"1536","-14.8","-18","-13"
"1537","-13.6","-17","-11"
"1538","-12.8","-15","-10"
"1539","-14.6","-20","-9"
"1540","-12.8","-17","-9"
"1541","-12","-14","-10"
"1542","-11.4","-14","-10"
"1543","-12.6","-15","-8"
"1544","-11","-14","-5"
"1545","-14.6","-19","-11"
"1546","-14","-16","-11"
"1547","-13","-15","-10"
"1548","-13.4","-17","-5"
"1549","-12.4","-16","-6"
"1550","-11.8","-13","-9"
"1551","-14.2","-19","-10"
"1552","-13.2","-15","-10"
"1553","-12.4","-15","-8"
"1554","-12.4","-16","-10"
"1555","-13","-19","-9"
"1556","-12","-17","-8"
"1557","-12.8","-16","-9"
"1558","-12.6","-14","-10"
"1559","-11.6","-15","-8"
"1560","-12.6","-15","-10"
"1561","-11.8","-13","-11"
"1562","-12","-15","-9"
"1563","-11.2","-13","-8"
"1564","-12.8","-15","-10"
"1565","-11","-14","-8"
"1566","-14.2","-18","-11"
"1567","-12.8","-17","-9"
"1568","-13.2","-18","-11"
"1569","-13.4","-16","-9"
"1570","-14.2","-17","-9"
"1571","-13","-17","-9"
"1572","-14.2","-16","-10"
"1573","-12.8","-16","-11"
"1574","-10","-12","-8"
"1575","-12","-13","-11"
"1576","-15.4","-19","-13"
"1577","-12.4","-17","-9"
"1578","-11.6","-17","-7"
"1579","-12.2","-15","-10"
"1580","-15.2","-19","-12"
"1581","-10.6","-14","-6"
"1582","-13.4","-17","-9"
"1583","-11.2","-15","-8"
"1584","-10","-13","-7"
"1585","-15.8","-18","-14"
"1586","-12.2","-15","-9"
"1587","-13.6","-16","-11"
"1588","-11.2","-17","-9"
"1589","-13","-17","-9"
"1590","-11.8","-15","-6"
"1591","-14.6","-19","-7"
"1592","-11.2","-13","-9"
"1593","-11.8","-14","-10"
"1594","-13.8","-19","-9"
"1595","-11","-16","-6"
"1596","-13.8","-16","-11"
"1597","-11.8","-14","-11"
"1598","-14","-17","-11"
"1599","-11.2","-18","-6"
"1600","-11.8","-17","-10"
"1601","-11.2","-15","-8"
"1602","-10.4","-14","-8"
"1603","-9.8","-14","-6"
"1604","-11","-13","-8"
"1605","-13.4","-19","-10"
"1606","-12.4","-16","-9"
"1607","-13.6","-18","-5"
"1608","-11.6","-13","-9"
"1609","-13.2","-16","-9"
"1610","-14","-18","-7"
"1611","-12.6","-15","-10"
"1612","-11.8","-16","-9"
"1613","-12.2","-15","-8"
"1614","-13.6","-16","-10"
"1615","-11.8","-16","-9"
"1616","-12.8","-16","-11"
"1617","-12.8","-16","-8"
"1618","-12.2","-14","-10"
"1619","-13.8","-19","-7"
"1620","-11.2","-14","-9"
"1621","-11","-14","-7"
"1622","-12.8","-16","-9"
"1623","-12.6","-16","-10"
"1624","-10.6","-14","-9"
"1625","-13.8","-16","-13"
"1626","-12","-15","-8"
"1627","-12.4","-19","-9"
"1628","-10.6","-13","-6"
"1629","-10","-13","-6"
"1630","-12.4","-16","-8"
"1631","-11.2","-16","-5"
"1632","-14","-16","-9"
"1633","-13.8","-17","-11"
"1634","-12.4","-17","-8"
"1635","-13.4","-17","-10"
"1636","-12.8","-17","-9"
"1637","-13.8","-16","-9"
"1638","-11","-16","-5"
"1639","-12.4","-17","-9"
"1640","-12.2","-14","-10"
"1641","-13","-16","-12"
"1642","-11.8","-16","-9"
"1643","-14.4","-17","-13"
"1644","-13.8","-18","-10"
"1645","-14","-17","-10"
"1646","-12.6","-17","-8"
"1647","-14.8","-17","-13"
"1648","-13.4","-15","-12"
"1649","-9.4","-12","-8"
"1650","-12.4","-15","-10"
"1651","-11.8","-15","-7"
"1652","-11.2","-14","-9"
"1653","-13.4","-16","-11"
"1654","-11.4","-16","-6"
"1655","-14","-21","-8"
"1656","-12.4","-15","-10"
"1657","-12.2","-19","-9"
"1658","-10.8","-15","-8"
"1659","-13.6","-16","-10"
"1660","-13.2","-17","-8"
"1661","-13.2","-15","-11"
"1662","-13","-16","-9"
"1663","-12.6","-18","-10"
"1664","-14.6","-16","-13"
"1665","-12.2","-13","-11"
"1666","-13.8","-16","-11"
"1667","-12.2","-14","-11"
"1668","-10.2","-14","-6"
"1669","-13.2","-19","-5"
"1670","-14","-17","-12"
"1671","-11.6","-16","-7"
"1672","-12.8","-16","-10"
"1673","-11.6","-16","-7"
"1674","-13","-16","-11"
"1675","-11.8","-16","-9"
"1676","-12","-15","-7"
"1677","-13","-15","-9"
"1678","-12.6","-17","-9"
"1679","-11.6","-14","-11"
"1680","-12","-15","-10"
"1681","-10.8","-13","-9"
"1682","-10.2","-11","-9"
"1683","-12.2","-15","-8"
"1684","-14.6","-18","-13"
"1685","-13","-15","-9"
"1686","-12","-15","-10"
"1687","-12.4","-17","-6"
"1688","-12.8","-16","-10"
"1689","-12.6","-16","-10"
"1690","-12.4","-15","-9"
"1691","-12","-18","-8"
"1692","-11.6","-15","-9"
"1693","-14.2","-20","-12"
"1694","-13.4","-16","-11"
"1695","-12.8","-21","-9"
"1696","-14","-17","-9"
"1697","-12","-16","-7"
"1698","-12","-14","-10"
"1699","-12.4","-17","-9"
"1700","-13.6","-15","-11"
"1701","-12.4","-14","-10"
"1702","-12.4","-17","-10"
"1703","-12.4","-17","-6"
"1704","-13.2","-19","-8"
"1705","-13.6","-17","-9"
"1706","-12.6","-15","-9"
"1707","-10.2","-13","-9"
"1708","-14.2","-17","-11"
"1709","-12.8","-16","-9"
"1710","-11.6","-17","-5"
"1711","-16.4","-18","-12"
"1712","-10.4","-16","-5"
"1713","-12.2","-17","-10"
"1714","-12.8","-17","-7"
"1715","-13.4","-15","-12"
"1716","-11.8","-15","-8"
"1717","-12.2","-15","-10"
"1718","-12","-17","-9"
"1719","-15","-16","-14"
"1720","-12.4","-16","-9"
"1721","-14.2","-16","-12"
"1722","-10.8","-17","-6"
"1723","-14","-15","-13"
"1724","-12.8","-17","-8"
"1725","-11.8","-15","-10"
"1726","-14.2","-18","-10"
"1727","-12.8","-16","-11"
"1728","-15.2","-17","-14"
"1729","-14.6","-18","-12"
"1730","-14.6","-17","-13"
"1731","-11.2","-16","-6"
"1732","-13.6","-16","-11"
"1733","-12.4","-16","-8"
"1734","-12","-16","-8"
"1735","-11.8","-15","-9"
"1736","-12.8","-17","-5"
"1737","-11.4","-13","-10"
"1738","-14.8","-19","-10"
"1739","-12.2","-16","-10"
"1740","-13.6","-17","-11"
"1741","-13","-16","-11"
"1742","-11.6","-16","-9"
"1743","-11.8","-18","-10"
"1744","-13.2","-17","-10"
"1745","-11","-15","-8"
"1746","-12.6","-15","-10"
"1747","-13.8","-17","-11"
"1748","-12","-15","-8"
"1749","-12.4","-19","-9"
"1750","-15.8","-19","-13"
"1751","-13.2","-16","-10"
"1752","-12.8","-15","-11"
"1753","-13.4","-19","-10"
"1754","-13","-17","-10"
"1755","-13.6","-17","-10"
"1756","-12.4","-15","-11"
"1757","-12.6","-15","-8"
"1758","-14.2","-18","-12"
"1759","-15.4","-17","-12"
"1760","-13.2","-17","-10"
"1761","-13","-17","-11"
"1762","-12.8","-16","-9"
"1763","-13","-17","-11"
"1764","-12.8","-16","-9"
"1765","-11","-15","-6"
"1766","-10.4","-18","-5"
"1767","-11.4","-15","-6"
"1768","-10.4","-14","-6"
"1769","-12.2","-15","-8"
"1770","-11.6","-15","-8"
"1771","-12","-14","-10"
"1772","-14","-17","-11"
"1773","-14.4","-16","-12"
"1774","-15","-16","-13"
"1775","-13","-15","-9"
"1776","-12.2","-13","-11"
"1777","-14","-17","-12"
"1778","-14","-18","-10"
"1779","-10.4","-15","-6"
"1780","-10","-12","-8"
"1781","-11.6","-16","-9"
"1782","-12.8","-18","-8"
"1783","-11.6","-14","-10"
"1784","-12.4","-16","-8"
"1785","-12.8","-15","-12"
"1786","-11.6","-14","-9"
"1787","-12.4","-16","-7"
"1788","-13","-17","-10"
"1789","-13.2","-14","-12"
"1790","-11.8","-15","-6"
"1791","-13.2","-16","-11"
"1792","-11.4","-16","-7"
"1793","-11.8","-15","-10"
"1794","-14.2","-16","-13"
"1795","-13.2","-16","-11"
"1796","-14.8","-17","-13"
"1797","-15","-19","-11"
"1798","-14.4","-17","-13"
"1799","-13.6","-16","-11"
"1800","-10.6","-15","-6"
"1801","-12.8","-16","-9"
"1802","-12.2","-16","-9"
"1803","-12.6","-16","-11"
"1804","-11","-17","-5"
"1805","-12","-16","-7"
"1806","-13","-16","-9"
"1807","-12.2","-17","-9"
"1808","-12.2","-15","-8"
"1809","-14.4","-18","-10"
"1810","-13.8","-18","-10"
"1811","-12.2","-13","-10"
"1812","-13.2","-16","-12"
"1813","-13.4","-16","-11"
"1814","-13.6","-18","-9"
"1815","-14.4","-17","-11"
"1816","-13.2","-16","-12"
"1817","-12.8","-14","-11"
"1818","-12.4","-15","-10"
"1819","-12","-15","-9"
"1820","-11.6","-15","-10"
"1821","-11.8","-15","-9"
"1822","-13.4","-15","-11"
"1823","-13.2","-17","-11"
"1824","-11.8","-15","-7"
"1825","-14.4","-17","-12"
"1826","-13.6","-15","-11"
"1827","-11.8","-14","-10"
"1828","-14","-15","-13"
"1829","-12.6","-16","-10"
"1830","-11","-15","-6"
"1831","-13","-18","-7"
"1832","-12","-16","-8"
"1833","-11.8","-15","-10"
"1834","-12.2","-14","-11"
"1835","-14","-15","-13"
"1836","-15.4","-19","-13"
"1837","-13.6","-17","-10"
"1838","-13.2","-16","-10"
"1839","-12.8","-15","-9"
"1840","-12.4","-17","-9"
"1841","-13.4","-17","-8"
"1842","-13","-17","-10"
"1843","-12.8","-15","-11"
"1844","-14","-19","-12"
"1845","-12.4","-18","-8"
"1846","-12.4","-16","-9"
"1847","-12.8","-14","-9"
"1848","-11.8","-15","-9"
"1849","-13.8","-15","-13"
"1850","-12.8","-16","-8"
"1851","-12.6","-15","-10"
"1852","-13","-17","-9"
"1853","-12.4","-15","-8"
"1854","-15.4","-17","-14"
"1855","-15.2","-18","-11"
"1856","-14","-18","-11"
"1857","-13.8","-17","-9"
"1858","-13.8","-18","-9"
"1859","-12.4","-14","-11"
"1860","-13.4","-17","-12"
"1861","-12.8","-16","-6"
"1862","-12.2","-15","-8"
"1863","-14.2","-19","-11"
"1864","-11.8","-16","-7"
"1865","-11.8","-15","-8"
"1866","-12","-16","-9"
"1867","-11.6","-13","-9"
"1868","-12","-14","-10"
"1869","-14.4","-19","-12"
"1870","-13.2","-16","-10"
"1871","-15","-18","-10"
"1872","-11.8","-16","-8"
"1873","-10.6","-18","-8"
"1874","-11.6","-16","-9"
"1875","-12.2","-16","-8"
"1876","-11.8","-14","-9"
"1877","-14","-21","-9"
"1878","-13.6","-19","-9"
"1879","-10.6","-15","-6"
"1880","-14","-17","-11"
"1881","-11","-15","-5"
"1882","-10.6","-16","-7"
"1883","-12.8","-19","-5"
"1884","-12.4","-16","-10"
"1885","-12.4","-15","-10"
"1886","-12.4","-16","-10"
"1887","-11.2","-14","-9"
"1888","-11.8","-15","-7"
"1889","-12.6","-15","-12"
"1890","-14.2","-15","-12"
"1891","-14.2","-17","-11"
"1892","-11.8","-16","-9"
"1893","-14.2","-16","-12"
"1894","-12.6","-17","-9"
"1895","-12.8","-16","-9"
"1896","-11.8","-15","-8"
"1897","-15","-18","-12"
"1898","-12.2","-14","-10"
"1899","-13.8","-19","-8"
"1900","-15","-18","-12"
"1901","-12.6","-18","-8"
"1902","-14","-19","-7"
"1903","-13.6","-20","-6"
"1904","-11.6","-14","-9"
"1905","-12.6","-16","-11"
"1906","-15","-18","-12"
"1907","-11.8","-16","-8"
"1908","-11.6","-16","-7"
"1909","-11.6","-16","-6"
"1910","-12.8","-17","-9"
"1911","-11.6","-16","-7"
"1912","-11.8","-14","-10"
"1913","-12","-16","-7"
"1914","-13.2","-18","-9"
"1915","-12.4","-19","-8"
"1916","-12.8","-15","-7"
"1917","-14","-17","-6"
"1918","-13.2","-14","-13"
"1919","-11.4","-13","-9"
"1920","-13","-16","-10"
"1921","-14.2","-17","-11"
"1922","-13.2","-16","-12"
"1923","-10.4","-15","-8"
"1924","-12.6","-15","-9"
"1925","-12.2","-14","-10"
"1926","-13.8","-16","-12"
"1927","-13.2","-18","-7"
"1928","-13","-17","-10"
"1929","-11","-14","-6"
"1930","-13.4","-16","-9"
"1931","-13.4","-16","-7"
"1932","-14.2","-17","-9"
"1933","-13.4","-15","-11"
"1934","-12","-16","-5"
"1935","-13.2","-16","-10"
"1936","-11.6","-13","-10"
"1937","-12.6","-14","-11"
"1938","-12","-14","-8"
"1939","-10.8","-15","-7"
"1940","-14.6","-16","-13"
"1941","-12","-16","-9"
"1942","-11.6","-15","-8"
"1943","-11.2","-13","-9"
"1944","-13.8","-15","-12"
"1945","-12","-14","-9"
"1946","-13.2","-16","-8"
"1947","-13.2","-16","-10"
"1948","-11.8","-15","-8"
"1949","-12.8","-15","-10"
"1950","-12.2","-16","-9"
"1951","-13","-17","-9"
"1952","-12.6","-17","-9"
"1953","-14","-18","-8"
"1954","-14","-17","-11"
"1955","-14.6","-16","-12"
"1956","-11.8","-14","-8"
"1957","-15","-18","-12"
"1958","-14.2","-17","-9"
"1959","-12.6","-17","-9"
"1960","-14.6","-17","-12"
"1961","-11.6","-16","-8"
"1962","-12.2","-15","-7"
"1963","-12.8","-15","-11"
"1964","-11.2","-13","-10"
"1965","-16","-17","-14"
"1966","-14","-17","-12"
"1967","-13.2","-18","-9"
"1968","-15.2","-18","-11"
"1969","-15.2","-20","-13"
"1970","-14.4","-18","-11"
"1971","-12.4","-16","-8"
"1972","-14","-15","-13"
"1973","-12","-15","-9"
"1974","-11","-16","-8"
"1975","-12.2","-17","-7"
"1976","-13.2","-16","-11"
"1977","-12.2","-16","-9"
"1978","-11.8","-18","-7"
"1979","-11.8","-14","-9"
"1980","-12.6","-15","-9"
"1981","-14","-17","-11"
"1982","-14.2","-19","-9"
"1983","-12","-14","-10"
"1984","-12.4","-15","-10"
"1985","-11.2","-17","-8"
"1986","-11.8","-16","-6"
"1987","-12.8","-16","-9"
"1988","-13","-17","-8"
"1989","-14","-21","-8"
"1990","-13.6","-17","-8"
"1991","-12","-14","-10"
"1992","-11.8","-17","-8"
"1993","-13.2","-16","-10"
"1994","-9.4","-13","-6"
"1995","-13","-17","-10"
"1996","-13.2","-16","-9"
"1997","-14.4","-16","-12"
"1998","-12","-15","-10"
"1999","-13.2","-16","-9"
"2000","-12.2","-16","-9"